{"cameraMode":{"drawMode":0,"name":"Shaded","section":"Shading Mode"},"sceneLighting":false,"audioPlay":false,"sceneViewState":{"m_AlwaysRefresh":false,"showFog":true,"showSkybox":true,"showFlares":true,"showImageEffects":true,"showParticleSystems":true,"showVisualEffectGraphs":true,"m_FxEnabled":true},"in2DMode":false,"pivot":{"x":-5.330714225769043,"y":-8.183528900146485,"z":-0.17023321986198426},"rotation":{"x":0.7108515501022339,"y":0.010550212115049363,"z":-0.010656717233359814,"w":0.7031984329223633},"size":20.02192497253418,"orthographic":false}