{"cameraMode":{"drawMode":0,"name":"Shaded","section":"Shading Mode"},"sceneLighting":false,"audioPlay":false,"sceneViewState":{"m_AlwaysRefresh":false,"showFog":true,"showSkybox":true,"showFlares":true,"showImageEffects":true,"showParticleSystems":true,"showVisualEffectGraphs":true,"m_FxEnabled":true},"in2DMode":false,"pivot":{"x":5.27871036529541,"y":-9.358171463012696,"z":0.7914206981658936},"rotation":{"x":-0.014021673239767552,"y":0.7353993058204651,"z":-0.6773198843002319,"w":-0.015224458649754525},"size":32.820091247558597,"orthographic":false}