{"cameraMode":{"drawMode":0,"name":"Shaded","section":"Shading Mode"},"sceneLighting":false,"audioPlay":false,"sceneViewState":{"m_AlwaysRefresh":false,"showFog":true,"showSkybox":true,"showFlares":true,"showImageEffects":true,"showParticleSystems":true,"showVisualEffectGraphs":true,"m_FxEnabled":true},"in2DMode":false,"pivot":{"x":45.904361724853519,"y":2.0002975463867189,"z":99.80387115478516},"rotation":{"x":-0.7081774473190308,"y":0.007909080013632775,"z":-0.00779898464679718,"w":-0.7060359716415405},"size":32.68449020385742,"orthographic":false}