{"cameraMode":{"drawMode":0,"name":"Shaded","section":"Shading Mode"},"sceneLighting":false,"audioPlay":false,"sceneViewState":{"m_AlwaysRefresh":false,"showFog":true,"showSkybox":true,"showFlares":true,"showImageEffects":true,"showParticleSystems":true,"showVisualEffectGraphs":true,"m_FxEnabled":true},"in2DMode":false,"pivot":{"x":-48.2869758605957,"y":-0.14409184455871583,"z":1.4824260473251343},"rotation":{"x":-0.7012759447097778,"y":-0.028347082436084749,"z":0.028058601543307306,"w":-0.7118616700172424},"size":7.127533912658691,"orthographic":false}