{"cameraMode":{"drawMode":0,"name":"Shaded","section":"Shading Mode"},"sceneLighting":false,"audioPlay":false,"sceneViewState":{"m_AlwaysRefresh":false,"showFog":true,"showSkybox":true,"showFlares":true,"showImageEffects":true,"showParticleSystems":true,"showVisualEffectGraphs":true,"m_FxEnabled":true},"in2DMode":false,"pivot":{"x":0.3604581952095032,"y":-10.340015411376954,"z":-1.400604248046875},"rotation":{"x":0.008155345916748047,"y":0.7485719919204712,"z":-0.6629453301429749,"w":0.00920843705534935},"size":20.95584487915039,"orthographic":false}