{"cameraMode":{"drawMode":0,"name":"Shaded","section":"Shading Mode"},"sceneLighting":false,"audioPlay":false,"sceneViewState":{"m_AlwaysRefresh":false,"showFog":true,"showSkybox":true,"showFlares":true,"showImageEffects":true,"showParticleSystems":true,"showVisualEffectGraphs":true,"m_FxEnabled":true},"in2DMode":false,"pivot":{"x":-43.29785919189453,"y":-56.63652038574219,"z":56.60624313354492},"rotation":{"x":0.7024244070053101,"y":-0.006425085011869669,"z":0.006308244541287422,"w":0.7117423415184021},"size":132.68258666992188,"orthographic":false}